timeStamp,elapsed,label,responseCode,responseMessage,threadName,dataType,success,failureMessage,bytes,sentBytes,grpThreads,allThreads,URL,Latency,IdleTime,Connect
1775122354188,748,Call API,200,,UpdateJuristic 8-1,text,true,,850,2816,1,8,https://sandbox.api.krungsri.net/bay/scuda/juristic/update,748,0,27
1775122354378,554,Call API,200,OK,SearchJuristic 6-1,text,true,,722,452,1,8,https://sandbox.api.krungsri.net/bay/scuda/juristic/search,554,0,26
1775122354221,739,Call API,200,,GetJuristic 5-1,text,true,,3498,591,1,6,https://sandbox.api.krungsri.net/bay/scuda/juristic/get,739,0,26
1775122354188,834,Call API,201,,CreateIndividual 3-1,text,true,,850,5567,1,7,https://sandbox.api.krungsri.net/bay/scuda/individual/create,834,0,28
1775122354210,827,Call API,200,,UpdateIndividual 4-1,text,true,,850,2558,1,6,https://sandbox.api.krungsri.net/bay/scuda/individual/update,827,0,26
1775122354408,814,Call API,201,,CreateJuristic 7-1,text,true,,850,5354,1,7,https://sandbox.api.krungsri.net/bay/scuda/juristic/create,814,0,27
1775122354970,272,Call API,200,,GetIndividual 1-1,text,true,,3871,646,2,6,https://sandbox.api.krungsri.net/bay/scuda/individual/get,272,0,23
1775122354926,345,Call API,200,,SearchJoint 10-1,text,true,,1401,473,1,5,https://sandbox.api.krungsri.net/bay/scuda/joint/search,345,0,27
1775122355035,357,Call API,200,OK,SearchIndividual 2-1,text,true,,722,459,1,5,https://sandbox.api.krungsri.net/bay/scuda/individual/search,357,0,24
1775122354708,722,Call API,200,,GetJoint 9-1,text,true,,1686,588,1,5,https://sandbox.api.krungsri.net/bay/scuda/joint/get,722,0,25
1775122355176,343,Call API,200,OK,SearchJuristic 6-2,text,true,,722,452,1,5,https://sandbox.api.krungsri.net/bay/scuda/juristic/search,343,0,7
1775122355469,138,Call API,200,OK,SearchIndividual 2-2,text,true,,722,472,1,6,https://sandbox.api.krungsri.net/bay/scuda/individual/search,138,0,9
1775122355344,286,Call API,200,,SearchJoint 10-2,text,true,,1401,473,1,5,https://sandbox.api.krungsri.net/bay/scuda/joint/search,286,0,10
1775122355427,282,Call API,200,,UpdateIndividual 4-2,text,true,,850,1181,1,5,https://sandbox.api.krungsri.net/bay/scuda/individual/update,281,0,10
1775122355161,579,Call API,200,,GetIndividual 1-2,text,true,,3873,646,1,4,https://sandbox.api.krungsri.net/bay/scuda/individual/get,579,0,25
1775122355528,366,Call API,200,,GetJoint 9-2,text,true,,1686,588,1,3,https://sandbox.api.krungsri.net/bay/scuda/joint/get,366,0,21
1775122355566,455,Call API,200,,GetJuristic 5-2,text,true,,3467,591,1,4,https://sandbox.api.krungsri.net/bay/scuda/juristic/get,455,0,12
1775122355649,423,Call API,201,,CreateJuristic 7-2,text,true,,850,4721,1,3,https://sandbox.api.krungsri.net/bay/scuda/juristic/create,423,0,13
1775122356131,336,Call API,200,,GetJuristic 5-3,text,true,,3498,591,1,6,https://sandbox.api.krungsri.net/bay/scuda/juristic/get,336,0,16
1775122355940,534,Call API,201,,CreateIndividual 3-2,text,true,,850,4933,2,5,https://sandbox.api.krungsri.net/bay/scuda/individual/create,534,0,12
1775122356222,375,Call API,200,OK,SearchJoint 10-3,text,true,,722,473,1,6,https://sandbox.api.krungsri.net/bay/scuda/joint/search,375,0,11
1775122355993,664,Call API,200,,UpdateJuristic 8-2,text,true,,850,2868,1,5,https://sandbox.api.krungsri.net/bay/scuda/juristic/update,664,0,11
1775122356217,489,Call API,201,,CreateIndividual 3-3,text,true,,850,4962,1,4,https://sandbox.api.krungsri.net/bay/scuda/individual/create,489,0,25
1775122356561,191,Call API,200,,GetIndividual 1-3,text,true,,3873,646,1,4,https://sandbox.api.krungsri.net/bay/scuda/individual/get,191,0,15
1775122356452,334,Call API,200,,UpdateIndividual 4-3,text,true,,850,1180,1,4,https://sandbox.api.krungsri.net/bay/scuda/individual/update,334,0,10
1775122356558,386,Call API,200,OK,SearchJuristic 6-3,text,true,,722,457,1,5,https://sandbox.api.krungsri.net/bay/scuda/juristic/search,386,0,12
1775122356744,362,Call API,200,,GetJoint 9-3,text,true,,1686,588,2,6,https://sandbox.api.krungsri.net/bay/scuda/joint/get,362,0,13
1775122356788,337,Call API,200,,UpdateJuristic 8-3,text,true,,850,2906,1,5,https://sandbox.api.krungsri.net/bay/scuda/juristic/update,337,0,10
1775122356881,385,Call API,200,OK,SearchIndividual 2-3,text,true,,722,459,1,7,https://sandbox.api.krungsri.net/bay/scuda/individual/search,385,0,12
1775122356856,569,Call API,200,,UpdateJoint 12-3,text,true,,850,1704,1,8,https://sandbox.api.krungsri.net/bay/scuda/joint/update,569,0,26
1775122357212,263,Call API,200,OK,SearchJoint 10-4,text,true,,722,473,1,7,https://sandbox.api.krungsri.net/bay/scuda/joint/search,263,0,10
1775122357011,517,Call API,201,,CreateJuristic 7-3,text,true,,850,5010,2,6,https://sandbox.api.krungsri.net/bay/scuda/juristic/create,517,0,14
1775122357245,287,Call API,200,OK,SearchJuristic 6-4,text,true,,722,457,1,5,https://sandbox.api.krungsri.net/bay/scuda/juristic/search,287,0,19
1775122357108,462,Call API,200,,GetJoint 9-4,text,true,,1686,588,1,4,https://sandbox.api.krungsri.net/bay/scuda/joint/get,462,0,24
1775122357191,640,Call API,201,,CreateIndividual 3-4,text,true,,850,5333,1,7,https://sandbox.api.krungsri.net/bay/scuda/individual/create,640,0,10
1775122357422,413,Call API,200,,UpdateJuristic 8-4,text,true,,850,2865,1,6,https://sandbox.api.krungsri.net/bay/scuda/juristic/update,413,0,12
1775122357293,552,Call API,201,,CreateJuristic 7-4,text,true,,850,4486,1,5,https://sandbox.api.krungsri.net/bay/scuda/juristic/create,552,0,25
1775122357595,382,Call API,200,OK,SearchIndividual 2-4,text,true,,722,459,1,4,https://sandbox.api.krungsri.net/bay/scuda/individual/search,382,0,11
1775122357649,380,Call API,200,,GetIndividual 1-4,text,true,,3873,646,1,3,https://sandbox.api.krungsri.net/bay/scuda/individual/get,379,0,27
1775122357800,374,Call API,200,,GetJuristic 5-4,text,true,,3473,591,1,4,https://sandbox.api.krungsri.net/bay/scuda/juristic/get,374,0,10
1775122357803,450,Call API,200,,UpdateIndividual 4-4,text,true,,850,1182,1,3,https://sandbox.api.krungsri.net/bay/scuda/individual/update,450,0,10
1775122358172,258,Call API,200,,GetJoint 9-5,text,true,,1686,588,1,3,https://sandbox.api.krungsri.net/bay/scuda/joint/get,258,0,10
1775122358088,486,Call API,200,,UpdateJoint 12-5,text,true,,850,1755,1,3,https://sandbox.api.krungsri.net/bay/scuda/joint/update,486,0,11
1775122358482,283,Call API,200,,UpdateJuristic 8-5,text,true,,850,1484,1,4,https://sandbox.api.krungsri.net/bay/scuda/juristic/update,283,0,10
1775122358415,461,Call API,201,,CreateIndividual 3-5,text,true,,850,5239,1,6,https://sandbox.api.krungsri.net/bay/scuda/individual/create,461,0,11
1775122358622,266,Call API,200,,GetJuristic 5-5,text,true,,3473,591,1,5,https://sandbox.api.krungsri.net/bay/scuda/juristic/get,266,0,10
1775122358597,412,Call API,201,,CreateJuristic 7-5,text,true,,850,4654,1,6,https://sandbox.api.krungsri.net/bay/scuda/juristic/create,412,0,15
1775122358796,383,Call API,200,OK,SearchJoint 10-5,text,true,,722,473,1,6,https://sandbox.api.krungsri.net/bay/scuda/joint/search,383,0,11
1775122358894,286,Call API,200,OK,SearchJuristic 6-5,text,true,,722,457,1,6,https://sandbox.api.krungsri.net/bay/scuda/juristic/search,286,0,10
1775122358994,354,Call API,200,,GetIndividual 1-5,text,true,,3873,646,1,6,https://sandbox.api.krungsri.net/bay/scuda/individual/get,354,0,11
1775122358862,547,Call API,200,,UpdateIndividual 4-5,text,true,,850,2510,1,6,https://sandbox.api.krungsri.net/bay/scuda/individual/update,547,0,11
1775122358865,642,Call API,200,OK,SearchIndividual 2-5,text,true,,722,445,1,6,https://sandbox.api.krungsri.net/bay/scuda/individual/search,642,0,11
1775122359086,423,Call API,201,,CreateJoint 11-6,text,true,,850,3167,1,5,https://sandbox.api.krungsri.net/bay/scuda/joint/create,423,0,24
1775122359210,322,Call API,200,,UpdateJuristic 8-6,text,true,,850,2869,1,4,https://sandbox.api.krungsri.net/bay/scuda/juristic/update,322,0,11
1775122359344,271,Call API,200,OK,SearchJuristic 6-6,text,true,,722,446,1,5,https://sandbox.api.krungsri.net/bay/scuda/juristic/search,271,0,11
1775122359581,386,Call API,200,OK,SearchJoint 10-6,text,true,,722,473,1,7,https://sandbox.api.krungsri.net/bay/scuda/joint/search,386,0,10
1775122359583,385,Call API,200,OK,SearchIndividual 2-6,text,true,,722,445,1,7,https://sandbox.api.krungsri.net/bay/scuda/individual/search,385,0,11
1775122359393,636,Call API,201,,CreateIndividual 3-6,text,true,,850,5588,1,6,https://sandbox.api.krungsri.net/bay/scuda/individual/create,636,0,19
1775122359440,694,Call API,200,,GetJoint 9-6,text,true,,1686,588,1,5,https://sandbox.api.krungsri.net/bay/scuda/joint/get,694,0,14
1775122359966,197,Call API,200,,UpdateIndividual 4-6,text,true,,850,1181,1,5,https://sandbox.api.krungsri.net/bay/scuda/individual/update,197,0,15
1775122359638,532,Call API,201,,CreateJuristic 7-6,text,true,,850,4724,1,4,https://sandbox.api.krungsri.net/bay/scuda/juristic/create,532,0,16
1775122359944,419,Call API,200,,GetJuristic 5-6,text,true,,3442,591,2,6,https://sandbox.api.krungsri.net/bay/scuda/juristic/get,419,0,10
1775122360139,300,Call API,200,OK,SearchIndividual 2-7,text,true,,722,455,1,6,https://sandbox.api.krungsri.net/bay/scuda/individual/search,300,0,28
1775122360014,442,Call API,200,,GetIndividual 1-6,text,true,,3931,646,2,5,https://sandbox.api.krungsri.net/bay/scuda/individual/get,442,0,13
1775122360195,404,Call API,200,,GetJuristic 5-7,text,true,,3473,591,1,4,https://sandbox.api.krungsri.net/bay/scuda/juristic/get,404,0,24
1775122360271,342,Call API,200,,GetIndividual 1-7,text,true,,3873,646,1,3,https://sandbox.api.krungsri.net/bay/scuda/individual/get,342,0,12
1775122360397,264,Call API,200,OK,SearchJoint 10-7,text,true,,722,473,1,3,https://sandbox.api.krungsri.net/bay/scuda/joint/search,264,0,10
1775122360302,566,Call API,201,,CreateJuristic 7-7,text,true,,850,5220,1,5,https://sandbox.api.krungsri.net/bay/scuda/juristic/create,566,0,12
1775122360673,361,Call API,200,,UpdateIndividual 4-7,text,true,,850,1179,1,5,https://sandbox.api.krungsri.net/bay/scuda/individual/update,361,0,11
1775122360660,419,Call API,200,,UpdateJuristic 8-7,text,true,,850,2790,1,6,https://sandbox.api.krungsri.net/bay/scuda/juristic/update,419,0,13
1775122360714,374,Call API,200,,GetJoint 9-7,text,true,,1682,588,1,5,https://sandbox.api.krungsri.net/bay/scuda/joint/get,374,0,13
1775122360805,532,Call API,201,,CreateIndividual 3-7,text,true,,850,5732,1,12,https://sandbox.api.krungsri.net/bay/scuda/individual/create,532,0,35
1775122361021,373,Call API,200,OK,SearchJuristic 6-7,text,true,,722,457,2,11,https://sandbox.api.krungsri.net/bay/scuda/juristic/search,373,0,14
1775122361185,245,Call API,200,,GetIndividual 1-8,text,true,,3931,646,1,10,https://sandbox.api.krungsri.net/bay/scuda/individual/get,245,0,12
1775122361065,395,Call API,200,OK,SearchJoint 10-8,text,true,,722,473,2,10,https://sandbox.api.krungsri.net/bay/scuda/joint/search,395,0,13
1775122361265,246,Call API,200,,UpdateJuristic 8-8,text,true,,850,1486,2,10,https://sandbox.api.krungsri.net/bay/scuda/juristic/update,246,0,12
1775122361134,398,Call API,200,OK,SearchJuristic 6-8,text,true,,722,457,1,9,https://sandbox.api.krungsri.net/bay/scuda/juristic/search,398,0,25
1775122361068,487,Call API,200,OK,SearchJoint 10-9,text,true,,722,473,1,8,https://sandbox.api.krungsri.net/bay/scuda/joint/search,487,0,25
1775122361219,390,Call API,200,,UpdateIndividual 4-9,text,true,,850,1179,2,8,https://sandbox.api.krungsri.net/bay/scuda/individual/update,390,0,22
1775122361329,292,Call API,200,OK,SearchIndividual 2-8,text,true,,722,474,2,7,https://sandbox.api.krungsri.net/bay/scuda/individual/search,292,0,10
1775122361170,494,Call API,200,,UpdateIndividual 4-8,text,true,,850,2545,1,7,https://sandbox.api.krungsri.net/bay/scuda/individual/update,494,0,25
1775122361475,203,Call API,200,OK,SearchIndividual 2-9,text,true,,722,459,1,6,https://sandbox.api.krungsri.net/bay/scuda/individual/search,203,0,25
1775122361138,540,Call API,201,,CreateJuristic 7-8,text,true,,850,4991,1,6,https://sandbox.api.krungsri.net/bay/scuda/juristic/create,540,0,13
1775122361289,431,Call API,200,,UpdateJuristic 8-9,text,true,,850,1483,1,4,https://sandbox.api.krungsri.net/bay/scuda/juristic/update,431,0,28
1775122361649,189,Call API,200,OK,SearchJuristic 6-9,text,true,,722,449,1,6,https://sandbox.api.krungsri.net/bay/scuda/juristic/search,189,0,14
1775122361439,446,Call API,201,,CreateIndividual 3-8,text,true,,850,5675,2,7,https://sandbox.api.krungsri.net/bay/scuda/individual/create,446,0,9
1775122361746,237,Call API,200,,GetJoint 9-8,text,true,,1686,588,2,7,https://sandbox.api.krungsri.net/bay/scuda/joint/get,237,0,9
1775122361576,412,Call API,201,,CreateIndividual 3-9,text,true,,850,5801,1,6,https://sandbox.api.krungsri.net/bay/scuda/individual/create,412,0,18
1775122361875,223,Call API,200,,GetJoint 9-9,text,true,,1686,588,1,6,https://sandbox.api.krungsri.net/bay/scuda/joint/get,223,0,9
1775122361736,434,Call API,200,,GetJuristic 5-8,text,true,,3476,591,2,6,https://sandbox.api.krungsri.net/bay/scuda/juristic/get,434,0,9
1775122361822,354,Call API,201,,CreateJuristic 7-9,text,true,,850,4954,1,6,https://sandbox.api.krungsri.net/bay/scuda/juristic/create,354,0,13
1775122361859,341,Call API,200,,GetIndividual 1-9,text,true,,3954,646,1,7,https://sandbox.api.krungsri.net/bay/scuda/individual/get,341,0,9
1775122361920,418,Call API,200,,GetJuristic 5-9,text,true,,3503,591,1,9,https://sandbox.api.krungsri.net/bay/scuda/juristic/get,418,0,10
1775122362061,367,Call API,200,,UpdateIndividual 4-10,text,true,,850,1183,1,11,https://sandbox.api.krungsri.net/bay/scuda/individual/update,367,0,11
1775122362317,185,Call API,200,,GetIndividual 1-10,text,true,,3860,646,1,11,https://sandbox.api.krungsri.net/bay/scuda/individual/get,185,0,27
1775122362140,370,Call API,200,,GetJoint 9-10,text,true,,1682,588,2,10,https://sandbox.api.krungsri.net/bay/scuda/joint/get,370,0,9
1775122362249,269,Call API,200,OK,SearchIndividual 2-10,text,true,,722,453,1,9,https://sandbox.api.krungsri.net/bay/scuda/individual/search,269,0,11
1775122362177,366,Call API,200,OK,SearchJoint 10-10,text,true,,722,473,1,8,https://sandbox.api.krungsri.net/bay/scuda/joint/search,366,0,10
1775122362355,197,Call API,200,OK,SearchJuristic 6-10,text,true,,722,457,2,7,https://sandbox.api.krungsri.net/bay/scuda/juristic/search,197,0,9
1775122362183,426,Call API,201,,CreateJuristic 7-10,text,true,,850,5001,2,7,https://sandbox.api.krungsri.net/bay/scuda/juristic/create,426,0,13
1775122362202,467,Call API,201,,CreateIndividual 3-10,text,true,,850,5453,1,7,https://sandbox.api.krungsri.net/bay/scuda/individual/create,467,0,9
1775122362490,274,Call API,200,OK,SearchJuristic 6-11,text,true,,722,455,1,9,https://sandbox.api.krungsri.net/bay/scuda/juristic/search,274,0,11
1775122362388,414,Call API,200,,GetJoint 9-11,text,true,,1686,588,1,10,https://sandbox.api.krungsri.net/bay/scuda/joint/get,414,0,10
1775122362694,164,Call API,200,,GetJuristic 5-10,text,true,,3467,591,2,9,https://sandbox.api.krungsri.net/bay/scuda/juristic/get,164,0,10
1775122362294,584,Call API,200,,UpdateJuristic 8-10,text,true,,850,2738,2,8,https://sandbox.api.krungsri.net/bay/scuda/juristic/update,584,0,21
1775122362413,516,Call API,201,,CreateJuristic 7-11,text,true,,850,4986,1,7,https://sandbox.api.krungsri.net/bay/scuda/juristic/create,516,0,16
1775122362667,367,Call API,200,,SearchJoint 10-11,text,true,,1397,473,1,9,https://sandbox.api.krungsri.net/bay/scuda/joint/search,367,0,10
1775122362776,266,Call API,200,,GetJuristic 5-11,text,true,,3501,591,1,8,https://sandbox.api.krungsri.net/bay/scuda/juristic/get,266,0,8
1775122362559,498,Call API,200,,UpdateIndividual 4-11,text,true,,850,2584,1,7,https://sandbox.api.krungsri.net/bay/scuda/individual/update,498,0,9
1775122362720,420,Call API,200,,UpdateJuristic 8-11,text,true,,850,1487,1,7,https://sandbox.api.krungsri.net/bay/scuda/juristic/update,420,0,10
1775122362774,399,Call API,200,OK,SearchIndividual 2-11,text,true,,722,456,1,7,https://sandbox.api.krungsri.net/bay/scuda/individual/search,399,0,12
1775122362680,534,Call API,200,,UpdateJoint 12-10,text,true,,850,1720,2,6,https://sandbox.api.krungsri.net/bay/scuda/joint/update,534,0,10
1775122363086,357,Call API,200,,GetIndividual 1-12,text,true,,3919,646,2,7,https://sandbox.api.krungsri.net/bay/scuda/individual/get,357,0,13
1775122363009,443,Call API,200,,GetIndividual 1-11,text,true,,3860,646,1,7,https://sandbox.api.krungsri.net/bay/scuda/individual/get,443,0,9
1775122363215,257,Call API,200,,UpdateIndividual 4-12,text,true,,850,1181,1,6,https://sandbox.api.krungsri.net/bay/scuda/individual/update,257,0,10
1775122362955,647,Call API,201,,CreateIndividual 3-11,text,true,,850,5393,2,8,https://sandbox.api.krungsri.net/bay/scuda/individual/create,647,0,10
1775122362963,640,Call API,200,,UpdateJoint 12-11,text,true,,850,672,1,8,https://sandbox.api.krungsri.net/bay/scuda/joint/update,640,0,23
1775122363234,378,Call API,200,,GetJoint 9-12,text,true,,1686,588,1,6,https://sandbox.api.krungsri.net/bay/scuda/joint/get,378,0,12
1775122363448,267,Call API,200,OK,SearchJuristic 6-12,text,true,,722,452,1,10,https://sandbox.api.krungsri.net/bay/scuda/juristic/search,267,0,11
1775122363568,278,Call API,200,OK,SearchJoint 10-12,text,true,,722,473,2,12,https://sandbox.api.krungsri.net/bay/scuda/joint/search,278,0,11
1775122363694,203,Call API,200,OK,SearchJoint 10-13,text,true,,722,473,1,12,https://sandbox.api.krungsri.net/bay/scuda/joint/search,203,0,10
1775122363589,322,Call API,200,OK,SearchIndividual 2-12,text,true,,722,459,1,11,https://sandbox.api.krungsri.net/bay/scuda/individual/search,322,0,11
1775122363419,536,Call API,201,,CreateIndividual 3-12,text,true,,850,5508,2,10,https://sandbox.api.krungsri.net/bay/scuda/individual/create,536,0,9
1775122363488,519,Call API,201,,CreateJoint 11-13,text,true,,850,2803,1,10,https://sandbox.api.krungsri.net/bay/scuda/joint/create,519,0,10
1775122363699,316,Call API,200,,GetJoint 9-13,text,true,,1686,588,1,9,https://sandbox.api.krungsri.net/bay/scuda/joint/get,316,0,10
1775122363836,243,Call API,200,,GetIndividual 1-13,text,true,,3931,646,1,12,https://sandbox.api.krungsri.net/bay/scuda/individual/get,243,0,11
1775122363747,419,Call API,200,,GetJuristic 5-12,text,true,,3435,591,2,11,https://sandbox.api.krungsri.net/bay/scuda/juristic/get,419,0,10
1775122363679,616,Call API,200,,UpdateJuristic 8-12,text,true,,850,2869,2,13,https://sandbox.api.krungsri.net/bay/scuda/juristic/update,616,0,16
1775122364020,291,Call API,200,OK,SearchJuristic 6-13,text,true,,722,446,2,12,https://sandbox.api.krungsri.net/bay/scuda/juristic/search,290,0,10
1775122363718,612,Call API,200,,UpdateJuristic 8-13,text,true,,850,2837,1,11,https://sandbox.api.krungsri.net/bay/scuda/juristic/update,612,0,10
1775122363707,636,Call API,201,,CreateIndividual 3-13,text,true,,850,5322,1,10,https://sandbox.api.krungsri.net/bay/scuda/individual/create,636,0,10
1775122363813,537,Call API,201,,CreateJuristic 7-12,text,true,,850,4787,3,9,https://sandbox.api.krungsri.net/bay/scuda/juristic/create,537,0,13
1775122363965,398,Call API,200,,UpdateIndividual 4-13,text,true,,850,2518,2,9,https://sandbox.api.krungsri.net/bay/scuda/individual/update,398,0,10
1775122363856,512,Call API,201,,CreateJuristic 7-13,text,true,,850,4563,2,8,https://sandbox.api.krungsri.net/bay/scuda/juristic/create,512,0,9
1775122364035,361,Call API,200,OK,SearchIndividual 2-13,text,true,,722,444,1,8,https://sandbox.api.krungsri.net/bay/scuda/individual/search,361,0,10
1775122364038,362,Call API,200,,GetJuristic 5-13,text,true,,3539,591,2,7,https://sandbox.api.krungsri.net/bay/scuda/juristic/get,361,0,9
1775122364278,286,Call API,200,,UpdateIndividual 4-14,text,true,,850,1180,1,11,https://sandbox.api.krungsri.net/bay/scuda/individual/update,286,0,10
1775122364240,388,Call API,200,OK,SearchJuristic 6-14,text,true,,722,457,2,11,https://sandbox.api.krungsri.net/bay/scuda/juristic/search,388,0,9
1775122364077,573,Call API,201,,CreateJuristic 7-14,text,true,,850,4802,2,11,https://sandbox.api.krungsri.net/bay/scuda/juristic/create,573,0,23
1775122364262,424,Call API,200,,GetJuristic 5-14,text,true,,3501,591,1,11,https://sandbox.api.krungsri.net/bay/scuda/juristic/get,424,0,11
1775122364358,337,Call API,200,,GetIndividual 1-14,text,true,,3914,646,2,10,https://sandbox.api.krungsri.net/bay/scuda/individual/get,337,0,10
1775122364522,277,Call API,200,OK,SearchJuristic 6-15,text,true,,722,448,1,10,https://sandbox.api.krungsri.net/bay/scuda/juristic/search,277,0,10
1775122364449,388,Call API,200,OK,SearchIndividual 2-14,text,true,,722,455,1,10,https://sandbox.api.krungsri.net/bay/scuda/individual/search,388,0,10
1775122364474,427,Call API,200,,UpdateJuristic 8-15,text,true,,850,2896,2,10,https://sandbox.api.krungsri.net/bay/scuda/juristic/update,427,0,12
1775122364394,572,Call API,201,,CreateJoint 11-15,text,true,,850,3120,1,11,https://sandbox.api.krungsri.net/bay/scuda/joint/create,572,0,11
1775122364660,329,Call API,200,,GetIndividual 1-15,text,true,,3886,646,1,10,https://sandbox.api.krungsri.net/bay/scuda/individual/get,329,0,9
1775122364614,378,Call API,200,OK,SearchJoint 10-14,text,true,,722,473,2,9,https://sandbox.api.krungsri.net/bay/scuda/joint/search,378,0,13
1775122364558,521,Call API,201,,CreateJuristic 7-15,text,true,,850,4916,1,12,https://sandbox.api.krungsri.net/bay/scuda/juristic/create,521,0,11
1775122364853,252,Call API,200,,GetJuristic 5-15,text,true,,3467,591,1,11,https://sandbox.api.krungsri.net/bay/scuda/juristic/get,252,0,11
1775122364652,462,Call API,201,,CreateIndividual 3-14,text,true,,850,5307,3,10,https://sandbox.api.krungsri.net/bay/scuda/individual/create,462,0,9
1775122364410,731,Call API,200,,UpdateJuristic 8-14,text,true,,850,2829,1,11,https://sandbox.api.krungsri.net/bay/scuda/juristic/update,731,0,10
1775122364708,480,Call API,200,,GetJoint 9-14,text,true,,1599,588,2,11,https://sandbox.api.krungsri.net/bay/scuda/joint/get,480,0,10
1775122364906,295,Call API,200,OK,SearchJoint 10-15,text,true,,722,473,3,11,https://sandbox.api.krungsri.net/bay/scuda/joint/search,295,0,9
1775122364925,332,Call API,200,,GetJoint 9-15,text,true,,1686,588,2,12,https://sandbox.api.krungsri.net/bay/scuda/joint/get,332,0,10
1775122365038,267,Call API,200,,UpdateIndividual 4-15,text,true,,850,1179,1,12,https://sandbox.api.krungsri.net/bay/scuda/individual/update,267,0,10
1775122364808,499,Call API,201,,CreateIndividual 3-15,text,true,,850,5351,2,11,https://sandbox.api.krungsri.net/bay/scuda/individual/create,499,0,13
1775122365007,305,Call API,200,OK,SearchIndividual 2-15,text,true,,722,457,3,10,https://sandbox.api.krungsri.net/bay/scuda/individual/search,305,0,11
1775122365204,197,Call API,200,OK,SearchJuristic 6-17,text,true,,722,457,2,9,https://sandbox.api.krungsri.net/bay/scuda/juristic/search,197,0,8
1775122365167,234,Call API,200,OK,SearchIndividual 2-17,text,true,,722,459,2,9,https://sandbox.api.krungsri.net/bay/scuda/individual/search,234,0,31
1775122365135,268,Call API,200,OK,SearchJuristic 6-16,text,true,,722,457,1,7,https://sandbox.api.krungsri.net/bay/scuda/juristic/search,267,0,8
1775122365141,277,Call API,200,OK,SearchIndividual 2-16,text,true,,722,444,1,7,https://sandbox.api.krungsri.net/bay/scuda/individual/search,277,0,10
1775122365065,386,Call API,200,OK,SearchJoint 10-16,text,true,,722,473,2,7,https://sandbox.api.krungsri.net/bay/scuda/joint/search,386,0,9
1775122365199,324,Call API,200,OK,SearchJoint 10-17,text,true,,722,473,1,8,https://sandbox.api.krungsri.net/bay/scuda/joint/search,324,0,23
1775122365074,518,Call API,201,,CreateIndividual 3-16,text,true,,850,5193,1,9,https://sandbox.api.krungsri.net/bay/scuda/individual/create,517,0,23
1775122365218,437,Call API,200,,GetJoint 9-16,text,true,,1599,588,2,9,https://sandbox.api.krungsri.net/bay/scuda/joint/get,437,0,10
1775122365454,234,Call API,200,,GetIndividual 1-16,text,true,,3919,646,2,9,https://sandbox.api.krungsri.net/bay/scuda/individual/get,234,0,12
1775122365414,373,Call API,200,,UpdateJuristic 8-16,text,true,,850,1485,2,11,https://sandbox.api.krungsri.net/bay/scuda/juristic/update,372,0,10
1775122365278,511,Call API,201,,CreateJuristic 7-16,text,true,,850,5163,1,10,https://sandbox.api.krungsri.net/bay/scuda/juristic/create,511,0,26
1775122365541,251,Call API,200,,GetJuristic 5-16,text,true,,3437,591,2,9,https://sandbox.api.krungsri.net/bay/scuda/juristic/get,251,0,13
1775122365625,178,Call API,200,,GetJoint 9-17,text,true,,1599,588,1,9,https://sandbox.api.krungsri.net/bay/scuda/joint/get,178,0,11
1775122365533,272,Call API,200,OK,SearchJuristic 6-18,text,true,,722,452,1,8,https://sandbox.api.krungsri.net/bay/scuda/juristic/search,272,0,10
1775122365444,414,Call API,200,,UpdateJuristic 8-17,text,true,,850,2786,2,8,https://sandbox.api.krungsri.net/bay/scuda/juristic/update,414,0,9
1775122365483,465,Call API,200,,GetIndividual 1-17,text,true,,3899,646,2,10,https://sandbox.api.krungsri.net/bay/scuda/individual/get,465,0,10
1775122365700,267,Call API,200,OK,SearchIndividual 2-18,text,true,,722,459,1,9,https://sandbox.api.krungsri.net/bay/scuda/individual/search,267,0,11
1775122365675,343,Call API,200,,GetJuristic 5-17,text,true,,3501,591,2,11,https://sandbox.api.krungsri.net/bay/scuda/juristic/get,343,0,18
1775122365765,465,Call API,200,,GetIndividual 1-18,text,true,,3919,646,1,19,https://sandbox.api.krungsri.net/bay/scuda/individual/get,465,0,10
1775122365900,352,Call API,201,,CreateIndividual 3-18,text,true,,850,5412,2,19,https://sandbox.api.krungsri.net/bay/scuda/individual/create,352,0,11
1775122365890,365,Call API,201,,CreateIndividual 3-17,text,true,,850,5320,1,18,https://sandbox.api.krungsri.net/bay/scuda/individual/create,365,0,8
1775122365769,494,Call API,200,,UpdateIndividual 4-16,text,true,,850,1179,3,17,https://sandbox.api.krungsri.net/bay/scuda/individual/update,494,0,9
1775122366076,263,Call API,200,,UpdateJuristic 8-19,text,true,,850,2852,3,17,https://sandbox.api.krungsri.net/bay/scuda/juristic/update,263,0,22
1775122365915,466,Call API,200,,GetJuristic 5-18,text,true,,3451,591,2,18,https://sandbox.api.krungsri.net/bay/scuda/juristic/get,466,0,9
1775122365972,414,Call API,200,,UpdateIndividual 4-18,text,true,,850,1183,3,17,https://sandbox.api.krungsri.net/bay/scuda/individual/update,414,0,23
1775122366203,186,Call API,200,,SearchIndividual 2-19,text,true,,1626,451,2,16,https://sandbox.api.krungsri.net/bay/scuda/individual/search,186,0,9
1775122366013,378,Call API,201,,CreateJuristic 7-17,text,true,,850,5121,3,15,https://sandbox.api.krungsri.net/bay/scuda/juristic/create,378,0,9
1775122366019,407,Call API,200,OK,SearchJoint 10-18,text,true,,722,473,3,17,https://sandbox.api.krungsri.net/bay/scuda/joint/search,407,0,10
1775122366035,408,Call API,201,,CreateJuristic 7-18,text,true,,850,5040,2,16,https://sandbox.api.krungsri.net/bay/scuda/juristic/create,408,0,11
1775122366080,370,Call API,200,OK,SearchJuristic 6-19,text,true,,722,455,1,16,https://sandbox.api.krungsri.net/bay/scuda/juristic/search,370,0,10
1775122365828,635,Call API,200,,UpdateIndividual 4-17,text,true,,850,1179,2,15,https://sandbox.api.krungsri.net/bay/scuda/individual/update,635,0,9
1775122366028,446,Call API,200,,GetJoint 9-18,text,true,,1576,588,2,14,https://sandbox.api.krungsri.net/bay/scuda/joint/get,446,0,9
1775122365797,702,Call API,200,,UpdateJuristic 8-18,text,true,,850,2875,2,14,https://sandbox.api.krungsri.net/bay/scuda/juristic/update,702,0,9
1775122366083,423,Call API,201,,CreateJuristic 7-19,text,true,,850,4735,2,13,https://sandbox.api.krungsri.net/bay/scuda/juristic/create,423,0,9
1775122366245,293,Call API,200,OK,SearchJoint 10-19,text,true,,722,473,2,13,https://sandbox.api.krungsri.net/bay/scuda/joint/search,293,0,9
1775122366380,243,Call API,200,,GetJoint 9-19,text,true,,1599,588,1,16,https://sandbox.api.krungsri.net/bay/scuda/joint/get,243,0,10
1775122366275,395,Call API,200,,UpdateIndividual 4-19,text,true,,850,2486,1,15,https://sandbox.api.krungsri.net/bay/scuda/individual/update,395,0,11
1775122366155,518,Call API,200,,GetJuristic 5-19,text,true,,3451,591,2,15,https://sandbox.api.krungsri.net/bay/scuda/juristic/get,518,0,10
1775122366410,298,Call API,200,OK,SearchJoint 10-20,text,true,,722,473,2,14,https://sandbox.api.krungsri.net/bay/scuda/joint/search,298,0,9
1775122366348,376,Call API,200,OK,SearchIndividual 2-20,text,true,,722,444,2,13,https://sandbox.api.krungsri.net/bay/scuda/individual/search,376,0,9
1775122366137,596,Call API,200,,UpdateJuristic 8-20,text,true,,850,2833,1,12,https://sandbox.api.krungsri.net/bay/scuda/juristic/update,596,0,28
1775122366487,247,Call API,200,,GetIndividual 1-19,text,true,,3914,646,2,12,https://sandbox.api.krungsri.net/bay/scuda/individual/get,247,0,14
1775122366523,262,Call API,200,OK,SearchIndividual 2-21,text,true,,722,457,1,11,https://sandbox.api.krungsri.net/bay/scuda/individual/search,262,0,8
1775122366403,400,Call API,201,,CreateIndividual 3-19,text,true,,850,5275,2,11,https://sandbox.api.krungsri.net/bay/scuda/individual/create,400,0,12
1775122366132,673,Call API,201,,CreateJoint 11-19,text,true,,850,3131,2,10,https://sandbox.api.krungsri.net/bay/scuda/joint/create,673,0,10
1775122366585,245,Call API,200,,GetJuristic 5-20,text,true,,3451,591,1,11,https://sandbox.api.krungsri.net/bay/scuda/juristic/get,245,0,9
1775122366593,295,Call API,200,OK,SearchJuristic 6-20,text,true,,722,457,1,13,https://sandbox.api.krungsri.net/bay/scuda/juristic/search,295,0,9
1775122366450,456,Call API,201,,CreateJuristic 7-20,text,true,,850,4849,2,12,https://sandbox.api.krungsri.net/bay/scuda/juristic/create,456,0,10
1775122366604,309,Call API,200,OK,SearchJoint 10-21,text,true,,722,473,1,12,https://sandbox.api.krungsri.net/bay/scuda/joint/search,309,0,13
1775122366556,382,Call API,200,,GetIndividual 1-20,text,true,,3901,646,2,11,https://sandbox.api.krungsri.net/bay/scuda/individual/get,382,0,10
1775122366426,527,Call API,200,,UpdateJoint 12-20,text,true,,850,1829,1,10,https://sandbox.api.krungsri.net/bay/scuda/joint/update,527,0,10
1775122366844,186,Call API,200,,GetJoint 9-20,text,true,,1589,588,2,12,https://sandbox.api.krungsri.net/bay/scuda/joint/get,186,0,19
1775122366805,345,Call API,201,,CreateIndividual 3-20,text,true,,850,5528,2,15,https://sandbox.api.krungsri.net/bay/scuda/individual/create,345,0,12
1775122366813,341,Call API,200,,GetIndividual 1-21,text,true,,3894,646,1,15,https://sandbox.api.krungsri.net/bay/scuda/individual/get,341,0,9
1775122366979,179,Call API,200,,GetJoint 9-21,text,true,,1599,588,1,14,https://sandbox.api.krungsri.net/bay/scuda/joint/get,179,0,12
1775122366885,324,Call API,200,,UpdateJuristic 8-21,text,true,,850,2822,2,15,https://sandbox.api.krungsri.net/bay/scuda/juristic/update,324,0,8
1775122366814,444,Call API,201,,CreateIndividual 3-21,text,true,,850,5241,1,14,https://sandbox.api.krungsri.net/bay/scuda/individual/create,444,0,13
1775122366876,385,Call API,200,,GetJuristic 5-21,text,true,,3451,591,2,13,https://sandbox.api.krungsri.net/bay/scuda/juristic/get,385,0,13
1775122367012,285,Call API,200,,UpdateIndividual 4-21,text,true,,850,2528,2,12,https://sandbox.api.krungsri.net/bay/scuda/individual/update,285,0,17
1775122366912,429,Call API,200,,UpdateIndividual 4-20,text,true,,850,1179,1,11,https://sandbox.api.krungsri.net/bay/scuda/individual/update,429,0,10
1775122366760,584,Call API,201,,CreateJuristic 7-21,text,true,,850,4944,3,10,https://sandbox.api.krungsri.net/bay/scuda/juristic/create,584,0,9
1775122367021,376,Call API,200,OK,SearchJuristic 6-21,text,true,,722,453,1,10,https://sandbox.api.krungsri.net/bay/scuda/juristic/search,376,0,9
1775122367050,355,Call API,200,,GetJuristic 5-22,text,true,,3451,591,1,9,https://sandbox.api.krungsri.net/bay/scuda/juristic/get,355,0,10
1775122367043,384,Call API,200,OK,SearchIndividual 2-22,text,true,,722,445,1,8,https://sandbox.api.krungsri.net/bay/scuda/individual/search,384,0,12
1775122366675,760,Call API,201,,CreateJoint 11-20,text,true,,850,3086,1,7,https://sandbox.api.krungsri.net/bay/scuda/joint/create,760,0,29
1775122367066,413,Call API,201,,CreateJuristic 7-22,text,true,,850,4727,2,8,https://sandbox.api.krungsri.net/bay/scuda/juristic/create,413,0,10
1775122367083,403,Call API,201,,CreateJuristic 7-23,text,true,,850,4776,1,7,https://sandbox.api.krungsri.net/bay/scuda/juristic/create,403,0,9
1775122367197,324,Call API,200,,GetIndividual 1-22,text,true,,3914,646,1,7,https://sandbox.api.krungsri.net/bay/scuda/individual/get,324,0,8
1775122367195,339,Call API,200,,GetJoint 9-22,text,true,,1599,588,2,6,https://sandbox.api.krungsri.net/bay/scuda/joint/get,339,0,10
1775122367158,456,Call API,200,,UpdateJuristic 8-22,text,true,,850,2833,1,8,https://sandbox.api.krungsri.net/bay/scuda/juristic/update,456,0,24
1775122367441,279,Call API,200,OK,SearchJoint 10-22,text,true,,722,473,2,11,https://sandbox.api.krungsri.net/bay/scuda/joint/search,279,0,8
1775122367356,379,Call API,200,,GetJoint 9-23,text,true,,1589,588,2,11,https://sandbox.api.krungsri.net/bay/scuda/joint/get,379,0,10
1775122367440,318,Call API,201,,CreateIndividual 3-22,text,true,,850,5236,2,11,https://sandbox.api.krungsri.net/bay/scuda/individual/create,318,0,9
1775122367546,262,Call API,200,,UpdateIndividual 4-22,text,true,,850,1180,1,11,https://sandbox.api.krungsri.net/bay/scuda/individual/update,262,0,9
1775122367673,166,Call API,200,,GetJoint 9-24,text,true,,1682,588,1,13,https://sandbox.api.krungsri.net/bay/scuda/joint/get,166,0,11
1775122367517,364,Call API,201,,CreateJoint 11-22,text,true,,850,2976,1,13,https://sandbox.api.krungsri.net/bay/scuda/joint/create,364,0,12
1775122367650,261,Call API,200,OK,SearchJuristic 6-22,text,true,,722,457,2,13,https://sandbox.api.krungsri.net/bay/scuda/juristic/search,261,0,11
1775122367718,258,Call API,200,OK,SearchJoint 10-23,text,true,,722,473,2,15,https://sandbox.api.krungsri.net/bay/scuda/joint/search,258,0,16
1775122367632,373,Call API,200,OK,SearchIndividual 2-23,text,true,,722,459,2,16,https://sandbox.api.krungsri.net/bay/scuda/individual/search,373,0,10
1775122367560,452,Call API,200,,GetIndividual 1-23,text,true,,3955,646,2,15,https://sandbox.api.krungsri.net/bay/scuda/individual/get,452,0,11
1775122367561,495,Call API,201,,CreateIndividual 3-23,text,true,,850,5743,2,16,https://sandbox.api.krungsri.net/bay/scuda/individual/create,495,0,8
1775122367722,361,Call API,200,,GetJuristic 5-23,text,true,,3455,591,2,16,https://sandbox.api.krungsri.net/bay/scuda/juristic/get,361,0,9
1775122367983,120,Call API,200,OK,SearchJuristic 6-24,text,true,,722,452,3,17,https://sandbox.api.krungsri.net/bay/scuda/juristic/search,120,0,9
1775122367761,348,Call API,201,,CreateJuristic 7-24,text,true,,850,4963,2,16,https://sandbox.api.krungsri.net/bay/scuda/juristic/create,348,0,12
1775122367855,271,Call API,200,OK,SearchIndividual 2-24,text,true,,722,459,1,16,https://sandbox.api.krungsri.net/bay/scuda/individual/search,271,0,12
1775122367891,275,Call API,200,OK,SearchJuristic 6-23,text,true,,722,464,2,15,https://sandbox.api.krungsri.net/bay/scuda/juristic/search,275,0,17
1775122367822,354,Call API,200,,GetJuristic 5-24,text,true,,3483,591,1,14,https://sandbox.api.krungsri.net/bay/scuda/juristic/get,354,0,9
1775122367823,353,Call API,200,,GetIndividual 1-24,text,true,,3903,646,2,14,https://sandbox.api.krungsri.net/bay/scuda/individual/get,353,0,9
1775122367973,205,Call API,200,OK,SearchJoint 10-24,text,true,,722,473,1,12,https://sandbox.api.krungsri.net/bay/scuda/joint/search,205,0,12
1775122367825,377,Call API,200,,UpdateIndividual 4-23,text,true,,850,2582,2,12,https://sandbox.api.krungsri.net/bay/scuda/individual/update,377,0,13
1775122368042,203,Call API,200,OK,SearchJuristic 6-25,text,true,,722,457,1,11,https://sandbox.api.krungsri.net/bay/scuda/juristic/search,203,0,23
1775122367809,498,Call API,200,,UpdateJuristic 8-23,text,true,,850,2759,3,11,https://sandbox.api.krungsri.net/bay/scuda/juristic/update,498,0,10
1775122367926,428,Call API,200,,UpdateIndividual 4-24,text,true,,850,2594,1,11,https://sandbox.api.krungsri.net/bay/scuda/individual/update,428,0,10
1775122367986,386,Call API,200,,UpdateJuristic 8-24,text,true,,850,1481,2,11,https://sandbox.api.krungsri.net/bay/scuda/juristic/update,386,0,17
1775122368084,321,Call API,200,,GetIndividual 1-25,text,true,,3899,646,1,11,https://sandbox.api.krungsri.net/bay/scuda/individual/get,321,0,13
1775122368041,466,Call API,201,,CreateIndividual 3-24,text,true,,850,5299,3,15,https://sandbox.api.krungsri.net/bay/scuda/individual/create,466,0,9
1775122368086,452,Call API,200,,GetJoint 9-25,text,true,,1599,588,2,16,https://sandbox.api.krungsri.net/bay/scuda/joint/get,452,0,12
1775122368261,303,Call API,200,,UpdateJuristic 8-25,text,true,,850,1485,2,16,https://sandbox.api.krungsri.net/bay/scuda/juristic/update,303,0,9
1775122367917,738,Call API,201,,CreateJoint 11-24,text,true,,850,2719,1,18,https://sandbox.api.krungsri.net/bay/scuda/joint/create,738,0,14
1775122368322,339,Call API,200,,GetJoint 9-26,text,true,,1571,588,1,17,https://sandbox.api.krungsri.net/bay/scuda/joint/get,339,0,8
1775122368199,463,Call API,201,,CreateIndividual 3-25,text,true,,850,5193,2,16,https://sandbox.api.krungsri.net/bay/scuda/individual/create,463,0,9
1775122368432,267,Call API,200,OK,SearchIndividual 2-25,text,true,,722,455,3,17,https://sandbox.api.krungsri.net/bay/scuda/individual/search,267,0,12
1775122368105,629,Call API,201,,CreateJuristic 7-25,text,true,,850,4981,3,16,https://sandbox.api.krungsri.net/bay/scuda/juristic/create,629,0,10
1775122368364,374,Call API,200,OK,SearchJuristic 6-26,text,true,,722,452,1,15,https://sandbox.api.krungsri.net/bay/scuda/juristic/search,374,0,9
1775122368507,284,Call API,200,,UpdateIndividual 4-26,text,true,,850,1179,2,15,https://sandbox.api.krungsri.net/bay/scuda/individual/update,284,0,10
1775122368485,306,Call API,200,,UpdateIndividual 4-25,text,true,,850,1181,2,15,https://sandbox.api.krungsri.net/bay/scuda/individual/update,306,0,10
1775122368121,672,Call API,200,,UpdateJoint 12-25,text,true,,850,1742,1,15,https://sandbox.api.krungsri.net/bay/scuda/joint/update,672,0,8
1775122368552,275,Call API,200,,GetJuristic 5-26,text,true,,3526,591,3,14,https://sandbox.api.krungsri.net/bay/scuda/juristic/get,275,0,29
1775122368527,368,Call API,200,OK,SearchJoint 10-25,text,true,,722,473,3,14,https://sandbox.api.krungsri.net/bay/scuda/joint/search,368,0,12
1775122368676,222,Call API,200,OK,SearchJoint 10-26,text,true,,722,473,2,13,https://sandbox.api.krungsri.net/bay/scuda/joint/search,222,0,12
1775122368383,518,Call API,200,,GetJuristic 5-25,text,true,,3526,591,2,12,https://sandbox.api.krungsri.net/bay/scuda/juristic/get,518,0,11
1775122368578,332,Call API,200,,GetJuristic 5-27,text,true,,3476,591,1,11,https://sandbox.api.krungsri.net/bay/scuda/juristic/get,332,0,24
1775122368531,380,Call API,200,,UpdateJuristic 8-26,text,true,,850,1485,2,10,https://sandbox.api.krungsri.net/bay/scuda/juristic/update,380,0,9
1775122368578,368,Call API,200,OK,SearchIndividual 2-26,text,true,,722,459,2,11,https://sandbox.api.krungsri.net/bay/scuda/individual/search,368,0,10
1775122368665,316,Call API,200,OK,SearchIndividual 2-27,text,true,,722,460,1,10,https://sandbox.api.krungsri.net/bay/scuda/individual/search,316,0,12
1775122368439,601,Call API,201,,CreateIndividual 3-26,text,true,,850,5775,2,12,https://sandbox.api.krungsri.net/bay/scuda/individual/create,601,0,12
1775122368797,246,Call API,200,,GetJoint 9-27,text,true,,1685,588,1,11,https://sandbox.api.krungsri.net/bay/scuda/joint/get,246,0,14
1775122368741,330,Call API,200,OK,SearchJoint 10-27,text,true,,722,473,1,10,https://sandbox.api.krungsri.net/bay/scuda/joint/search,330,0,14
1775122368413,659,Call API,201,,CreateJuristic 7-26,text,true,,850,4956,2,11,https://sandbox.api.krungsri.net/bay/scuda/juristic/create,659,0,10
1775122368595,483,Call API,201,,CreateJuristic 7-27,text,true,,850,4773,1,9,https://sandbox.api.krungsri.net/bay/scuda/juristic/create,483,0,10
1775122368935,240,Call API,200,,GetIndividual 1-26,text,true,,3861,646,2,13,https://sandbox.api.krungsri.net/bay/scuda/individual/get,240,0,9
1775122368940,267,Call API,200,,UpdateJoint 12-27,text,true,,850,672,1,13,https://sandbox.api.krungsri.net/bay/scuda/joint/update,267,0,8
1775122369011,216,Call API,200,OK,SearchJuristic 6-27,text,true,,722,457,3,14,https://sandbox.api.krungsri.net/bay/scuda/juristic/search,216,0,14
1775122369008,320,Call API,200,,GetIndividual 1-27,text,true,,3861,646,2,20,https://sandbox.api.krungsri.net/bay/scuda/individual/get,320,0,10
1775122368829,502,Call API,200,,UpdateIndividual 4-27,text,true,,850,2628,3,19,https://sandbox.api.krungsri.net/bay/scuda/individual/update,502,0,12
1775122369090,257,Call API,200,,GetJoint 9-28,text,true,,1571,588,1,18,https://sandbox.api.krungsri.net/bay/scuda/joint/get,257,0,10
1775122368877,480,Call API,200,,UpdateJuristic 8-27,text,true,,850,1478,2,17,https://sandbox.api.krungsri.net/bay/scuda/juristic/update,480,0,10
1775122369146,248,Call API,200,,GetJuristic 5-29,text,true,,3526,591,2,17,https://sandbox.api.krungsri.net/bay/scuda/juristic/get,248,0,9
1775122369130,265,Call API,200,OK,SearchJuristic 6-28,text,true,,722,455,3,17,https://sandbox.api.krungsri.net/bay/scuda/juristic/search,265,0,12
1775122369041,368,Call API,201,,CreateIndividual 3-27,text,true,,850,5241,4,16,https://sandbox.api.krungsri.net/bay/scuda/individual/create,368,0,10
1775122369139,290,Call API,200,,UpdateJuristic 8-28,text,true,,850,1485,2,16,https://sandbox.api.krungsri.net/bay/scuda/juristic/update,290,0,10
1775122369212,218,Call API,200,OK,SearchIndividual 2-28,text,true,,722,459,1,15,https://sandbox.api.krungsri.net/bay/scuda/individual/search,218,0,10
1775122369134,356,Call API,200,,GetJuristic 5-28,text,true,,3430,591,1,19,https://sandbox.api.krungsri.net/bay/scuda/juristic/get,356,0,10
1775122369140,445,Call API,201,,CreateIndividual 3-28,text,true,,850,5419,4,21,https://sandbox.api.krungsri.net/bay/scuda/individual/create,445,0,9
1775122369176,512,Call API,200,OK,SearchJuristic 6-29,text,true,,722,453,2,24,https://sandbox.api.krungsri.net/bay/scuda/juristic/search,512,0,9
1775122369266,427,Call API,200,,UpdateIndividual 4-29,text,true,,850,1182,2,23,https://sandbox.api.krungsri.net/bay/scuda/individual/update,427,0,9
1775122369311,404,Call API,201,,CreateIndividual 3-30,text,true,,850,5479,3,22,https://sandbox.api.krungsri.net/bay/scuda/individual/create,404,0,23
1775122369496,228,Call API,200,,GetJuristic 5-30,text,true,,3504,591,2,21,https://sandbox.api.krungsri.net/bay/scuda/juristic/get,228,0,9
1775122369234,504,Call API,200,,GetIndividual 1-28,text,true,,3900,646,2,21,https://sandbox.api.krungsri.net/bay/scuda/individual/get,504,0,11
1775122369437,339,Call API,200,,GetJoint 9-29,text,true,,1589,588,2,22,https://sandbox.api.krungsri.net/bay/scuda/joint/get,339,0,12
1775122369539,239,Call API,200,,UpdateJuristic 8-31,text,true,,850,2798,3,21,https://sandbox.api.krungsri.net/bay/scuda/juristic/update,239,0,9
1775122369377,446,Call API,200,OK,SearchJuristic 6-30,text,true,,722,452,1,21,https://sandbox.api.krungsri.net/bay/scuda/juristic/search,446,0,8
1775122369470,357,Call API,200,,GetIndividual 1-29,text,true,,3900,646,2,20,https://sandbox.api.krungsri.net/bay/scuda/individual/get,357,0,10
1775122369246,588,Call API,201,,CreateIndividual 3-29,text,true,,850,5289,2,19,https://sandbox.api.krungsri.net/bay/scuda/individual/create,588,0,9
1775122369425,433,Call API,200,,UpdateJuristic 8-29,text,true,,850,2891,2,19,https://sandbox.api.krungsri.net/bay/scuda/juristic/update,433,0,8
1775122369303,559,Call API,201,,CreateJuristic 7-29,text,true,,850,5115,4,18,https://sandbox.api.krungsri.net/bay/scuda/juristic/create,559,0,8
1775122369476,418,Call API,200,OK,SearchIndividual 2-29,text,true,,722,451,3,17,https://sandbox.api.krungsri.net/bay/scuda/individual/search,418,0,9
1775122369433,483,Call API,200,,UpdateJuristic 8-30,text,true,,850,2853,1,17,https://sandbox.api.krungsri.net/bay/scuda/juristic/update,483,0,9
1775122369488,436,Call API,200,OK,SearchJoint 10-28,text,true,,722,473,4,16,https://sandbox.api.krungsri.net/bay/scuda/joint/search,436,0,10
1775122369256,699,Call API,201,,CreateJuristic 7-28,text,true,,850,5004,3,17,https://sandbox.api.krungsri.net/bay/scuda/juristic/create,699,0,25
1775122369617,343,Call API,200,OK,SearchJoint 10-29,text,true,,722,473,3,16,https://sandbox.api.krungsri.net/bay/scuda/joint/search,343,0,10
1775122369658,311,Call API,200,OK,SearchIndividual 2-30,text,true,,722,459,2,15,https://sandbox.api.krungsri.net/bay/scuda/individual/search,311,0,11
1775122369313,663,Call API,201,,CreateJuristic 7-30,text,true,,850,5298,2,14,https://sandbox.api.krungsri.net/bay/scuda/juristic/create,663,0,9
1775122369664,332,Call API,200,,GetJuristic 5-31,text,true,,3443,591,1,14,https://sandbox.api.krungsri.net/bay/scuda/juristic/get,332,0,12
1775122369225,775,Call API,200,,UpdateIndividual 4-28,text,true,,850,2559,3,13,https://sandbox.api.krungsri.net/bay/scuda/individual/update,775,0,8
1775122369744,273,Call API,200,,GetIndividual 1-30,text,true,,3864,646,2,12,https://sandbox.api.krungsri.net/bay/scuda/individual/get,273,0,8
1775122369841,219,Call API,200,OK,SearchJoint 10-31,text,true,,722,473,3,13,https://sandbox.api.krungsri.net/bay/scuda/joint/search,219,0,22
1775122369536,538,Call API,201,,CreateIndividual 3-31,text,true,,850,5727,1,12,https://sandbox.api.krungsri.net/bay/scuda/individual/create,538,0,9
1775122369409,705,Call API,201,,CreateJuristic 7-31,text,true,,850,4913,2,13,https://sandbox.api.krungsri.net/bay/scuda/juristic/create,705,0,23
1775122369763,382,Call API,200,OK,SearchJoint 10-30,text,true,,722,473,2,13,https://sandbox.api.krungsri.net/bay/scuda/joint/search,382,0,16
1775122369823,334,Call API,200,OK,SearchIndividual 2-31,text,true,,722,459,1,12,https://sandbox.api.krungsri.net/bay/scuda/individual/search,334,0,9
1775122369980,194,Call API,200,OK,SearchJuristic 6-31,text,true,,722,452,1,12,https://sandbox.api.krungsri.net/bay/scuda/juristic/search,194,0,10
1775122369674,523,Call API,200,,GetJoint 9-30,text,true,,1685,588,2,11,https://sandbox.api.krungsri.net/bay/scuda/joint/get,523,0,9
1775122369741,539,Call API,200,,UpdateIndividual 4-30,text,true,,850,1181,4,15,https://sandbox.api.krungsri.net/bay/scuda/individual/update,539,0,8
1775122369930,368,Call API,200,,GetIndividual 1-31,text,true,,3864,646,2,14,https://sandbox.api.krungsri.net/bay/scuda/individual/get,368,0,9
1775122370047,274,Call API,200,OK,SearchJoint 10-32,text,true,,722,473,1,14,https://sandbox.api.krungsri.net/bay/scuda/joint/search,274,0,10
1775122369905,449,Call API,200,,GetJoint 9-31,text,true,,1589,588,1,13,https://sandbox.api.krungsri.net/bay/scuda/joint/get,449,0,12
1775122369955,399,Call API,200,,UpdateIndividual 4-31,text,true,,850,2568,3,13,https://sandbox.api.krungsri.net/bay/scuda/individual/update,399,0,10
1775122370056,324,Call API,200,,GetIndividual 1-32,text,true,,3873,646,1,14,https://sandbox.api.krungsri.net/bay/scuda/individual/get,324,0,11
1775122370225,209,Call API,200,,UpdateIndividual 4-32,text,true,,850,2547,2,14,https://sandbox.api.krungsri.net/bay/scuda/individual/update,209,0,10
1775122370170,340,Call API,200,,UpdateJuristic 8-33,text,true,,850,2817,4,18,https://sandbox.api.krungsri.net/bay/scuda/juristic/update,340,0,10
1775122370096,439,Call API,201,,CreateJuristic 7-32,text,true,,850,4867,3,19,https://sandbox.api.krungsri.net/bay/scuda/juristic/create,439,0,11
1775122370088,493,Call API,200,,UpdateJuristic 8-32,text,true,,850,2867,3,21,https://sandbox.api.krungsri.net/bay/scuda/juristic/update,493,0,9
1775122370215,402,Call API,201,,CreateJoint 11-32,text,true,,850,3153,2,22,https://sandbox.api.krungsri.net/bay/scuda/joint/create,402,0,9
1775122370260,359,Call API,200,OK,SearchIndividual 2-32,text,true,,722,455,3,21,https://sandbox.api.krungsri.net/bay/scuda/individual/search,359,0,10
1775122370233,389,Call API,200,,UpdateIndividual 4-33,text,true,,850,1179,2,20,https://sandbox.api.krungsri.net/bay/scuda/individual/update,389,0,22
1775122370441,195,Call API,200,OK,SearchJuristic 6-34,text,true,,722,461,3,19,https://sandbox.api.krungsri.net/bay/scuda/juristic/search,195,0,15
1775122370389,247,Call API,200,,GetJuristic 5-33,text,true,,3479,591,3,19,https://sandbox.api.krungsri.net/bay/scuda/juristic/get,247,0,11
1775122370356,298,Call API,200,OK,SearchJuristic 6-33,text,true,,722,457,2,17,https://sandbox.api.krungsri.net/bay/scuda/juristic/search,298,0,10
1775122370300,367,Call API,200,,GetJuristic 5-32,text,true,,3465,591,3,20,https://sandbox.api.krungsri.net/bay/scuda/juristic/get,367,0,24
1775122370525,287,Call API,200,OK,SearchIndividual 2-34,text,true,,722,444,2,23,https://sandbox.api.krungsri.net/bay/scuda/individual/search,287,0,9
1775122370134,678,Call API,201,,CreateJuristic 7-33,text,true,,850,4888,2,23,https://sandbox.api.krungsri.net/bay/scuda/juristic/create,678,0,10
1775122370271,573,Call API,200,OK,SearchJuristic 6-32,text,true,,722,457,2,21,https://sandbox.api.krungsri.net/bay/scuda/juristic/search,573,0,13
1775122370596,291,Call API,200,,GetJoint 9-32,text,true,,1576,588,4,20,https://sandbox.api.krungsri.net/bay/scuda/joint/get,291,0,11
1775122370471,440,Call API,200,,UpdateJuristic 8-35,text,true,,850,1474,2,19,https://sandbox.api.krungsri.net/bay/scuda/juristic/update,440,0,25
1775122370370,554,Call API,200,,UpdateJuristic 8-34,text,true,,850,2860,1,18,https://sandbox.api.krungsri.net/bay/scuda/juristic/update,554,0,10
1775122370381,547,Call API,201,,CreateJuristic 7-34,text,true,,850,5136,1,17,https://sandbox.api.krungsri.net/bay/scuda/juristic/create,547,0,10
1775122370498,447,Call API,200,,GetJuristic 5-34,text,true,,3503,591,2,19,https://sandbox.api.krungsri.net/bay/scuda/juristic/get,447,0,9
1775122370509,437,Call API,200,,GetIndividual 1-33,text,true,,3958,646,3,19,https://sandbox.api.krungsri.net/bay/scuda/individual/get,437,0,9
1775122370567,404,Call API,200,,UpdateIndividual 4-34,text,true,,850,1179,1,18,https://sandbox.api.krungsri.net/bay/scuda/individual/update,404,0,10
1775122370476,504,Call API,200,OK,SearchIndividual 2-33,text,true,,722,459,1,17,https://sandbox.api.krungsri.net/bay/scuda/individual/search,504,0,19
1775122370523,490,Call API,200,,UpdateJoint 12-32,text,true,,850,1795,1,18,https://sandbox.api.krungsri.net/bay/scuda/joint/update,490,0,9
1775122370700,313,Call API,200,,GetJoint 9-34,text,true,,1576,588,3,18,https://sandbox.api.krungsri.net/bay/scuda/joint/get,313,0,25
1775122370614,427,Call API,200,OK,SearchJoint 10-33,text,true,,722,473,3,17,https://sandbox.api.krungsri.net/bay/scuda/joint/search,427,0,8
1775122370662,389,Call API,200,,GetIndividual 1-35,text,true,,4006,646,2,17,https://sandbox.api.krungsri.net/bay/scuda/individual/get,389,0,25
1775122370664,391,Call API,200,,GetJoint 9-33,text,true,,1599,588,2,16,https://sandbox.api.krungsri.net/bay/scuda/joint/get,391,0,10
1775122370575,513,Call API,200,,GetIndividual 1-34,text,true,,3862,646,1,15,https://sandbox.api.krungsri.net/bay/scuda/individual/get,513,0,9
1775122370730,367,Call API,201,,CreateIndividual 3-33,text,true,,850,5629,4,14,https://sandbox.api.krungsri.net/bay/scuda/individual/create,367,0,9
1775122370699,402,Call API,200,OK,SearchJuristic 6-35,text,true,,722,467,1,14,https://sandbox.api.krungsri.net/bay/scuda/juristic/search,402,0,9
1775122370568,534,Call API,201,,CreateJoint 11-33,text,true,,850,2779,1,13,https://sandbox.api.krungsri.net/bay/scuda/joint/create,534,0,8
1775122370660,445,Call API,200,,GetJuristic 5-35,text,true,,3430,591,2,12,https://sandbox.api.krungsri.net/bay/scuda/juristic/get,445,0,14
1775122370668,547,Call API,201,,CreateIndividual 3-32,text,true,,850,5626,3,17,https://sandbox.api.krungsri.net/bay/scuda/individual/create,547,0,8
1775122370939,283,Call API,200,OK,SearchJoint 10-35,text,true,,722,473,3,17,https://sandbox.api.krungsri.net/bay/scuda/joint/search,283,0,9
1775122370794,454,Call API,200,,GetJoint 9-35,text,true,,1576,588,3,17,https://sandbox.api.krungsri.net/bay/scuda/joint/get,454,0,24
1775122370990,259,Call API,200,,UpdateIndividual 4-35,text,true,,850,1183,3,16,https://sandbox.api.krungsri.net/bay/scuda/individual/update,259,0,9
1775122370937,399,Call API,200,OK,SearchJoint 10-34,text,true,,722,473,4,18,https://sandbox.api.krungsri.net/bay/scuda/joint/search,399,0,11
1775122371020,358,Call API,200,OK,SearchIndividual 2-35,text,true,,722,459,2,18,https://sandbox.api.krungsri.net/bay/scuda/individual/search,358,0,8
1775122370944,465,Call API,201,,CreateIndividual 3-34,text,true,,850,4934,2,21,https://sandbox.api.krungsri.net/bay/scuda/individual/create,465,0,9
1775122371168,268,Call API,200,,UpdateIndividual 4-36,text,true,,850,1179,2,20,https://sandbox.api.krungsri.net/bay/scuda/individual/update,268,0,24
1775122371217,241,Call API,200,,GetJoint 9-37,text,true,,1571,588,2,19,https://sandbox.api.krungsri.net/bay/scuda/joint/get,241,0,9
1775122371190,272,Call API,200,OK,SearchJoint 10-36,text,true,,722,473,3,18,https://sandbox.api.krungsri.net/bay/scuda/joint/search,272,0,13
1775122370957,511,Call API,201,,CreateJuristic 7-35,text,true,,850,5250,4,18,https://sandbox.api.krungsri.net/bay/scuda/juristic/create,511,0,9
1775122371204,308,Call API,200,OK,SearchIndividual 2-36,text,true,,722,459,1,20,https://sandbox.api.krungsri.net/bay/scuda/individual/search,308,0,11
1775122371301,213,Call API,200,OK,SearchJoint 10-38,text,true,,722,473,3,19,https://sandbox.api.krungsri.net/bay/scuda/joint/search,213,0,9
1775122371172,364,Call API,200,,UpdateIndividual 4-37,text,true,,850,1179,2,18,https://sandbox.api.krungsri.net/bay/scuda/individual/update,364,0,20
1775122371247,323,Call API,200,,GetIndividual 1-36,text,true,,3889,646,3,18,https://sandbox.api.krungsri.net/bay/scuda/individual/get,323,0,13
1775122371100,505,Call API,201,,CreateJuristic 7-36,text,true,,850,5016,3,21,https://sandbox.api.krungsri.net/bay/scuda/juristic/create,505,0,9
1775122371158,448,Call API,200,,GetJoint 9-36,text,true,,1682,588,1,20,https://sandbox.api.krungsri.net/bay/scuda/joint/get,448,0,9
1775122371380,247,Call API,200,,GetIndividual 1-37,text,true,,3945,646,2,19,https://sandbox.api.krungsri.net/bay/scuda/individual/get,247,0,12
1775122371298,343,Call API,200,OK,SearchJoint 10-37,text,true,,722,473,2,18,https://sandbox.api.krungsri.net/bay/scuda/joint/search,343,0,8
1775122371392,255,Call API,200,OK,SearchJuristic 6-36,text,true,,722,448,2,17,https://sandbox.api.krungsri.net/bay/scuda/juristic/search,255,0,9
1775122371278,371,Call API,200,,UpdateJoint 12-37,text,true,,850,1776,2,16,https://sandbox.api.krungsri.net/bay/scuda/joint/update,371,0,10
1775122371398,316,Call API,200,OK,SearchJuristic 6-37,text,true,,722,452,1,17,https://sandbox.api.krungsri.net/bay/scuda/juristic/search,316,0,11
1775122371465,275,Call API,200,OK,SearchJoint 10-39,text,true,,722,473,1,16,https://sandbox.api.krungsri.net/bay/scuda/joint/search,275,0,9
1775122371367,463,Call API,201,,CreateJuristic 7-37,text,true,,850,4681,3,21,https://sandbox.api.krungsri.net/bay/scuda/juristic/create,463,0,11
1775122371436,395,Call API,201,,CreateJuristic 7-38,text,true,,850,4705,2,20,https://sandbox.api.krungsri.net/bay/scuda/juristic/create,395,0,10
1775122371562,284,Call API,200,OK,SearchIndividual 2-37,text,true,,722,450,3,20,https://sandbox.api.krungsri.net/bay/scuda/individual/search,284,0,10
1775122371596,270,Call API,200,,GetJuristic 5-38,text,true,,3504,591,3,20,https://sandbox.api.krungsri.net/bay/scuda/juristic/get,270,0,10
1775122371600,298,Call API,200,,UpdateIndividual 4-39,text,true,,850,1179,2,21,https://sandbox.api.krungsri.net/bay/scuda/individual/update,298,0,9
1775122371483,436,Call API,200,,GetIndividual 1-38,text,true,,3886,646,2,21,https://sandbox.api.krungsri.net/bay/scuda/individual/get,436,0,8
1775122371008,923,Call API,201,,CreateIndividual 3-35,text,true,,850,5344,5,21,https://sandbox.api.krungsri.net/bay/scuda/individual/create,923,0,10
1775122371574,398,Call API,200,,GetJuristic 5-37,text,true,,3432,591,3,20,https://sandbox.api.krungsri.net/bay/scuda/juristic/get,398,0,11
1775122371809,246,Call API,200,,GetIndividual 1-39,text,true,,3893,646,1,23,https://sandbox.api.krungsri.net/bay/scuda/individual/get,246,0,11
1775122371599,473,Call API,201,,CreateIndividual 3-36,text,true,,850,5400,5,23,https://sandbox.api.krungsri.net/bay/scuda/individual/create,473,0,10
1775122371781,306,Call API,200,OK,SearchJuristic 6-38,text,true,,722,453,3,23,https://sandbox.api.krungsri.net/bay/scuda/juristic/search,306,0,23
1775122371043,1106,Call API,200,,GetJuristic 5-36,text,true,,3432,591,2,27,https://sandbox.api.krungsri.net/bay/scuda/juristic/get,1106,0,11
1775122371774,412,Call API,200,OK,SearchIndividual 2-38,text,true,,722,471,3,27,https://sandbox.api.krungsri.net/bay/scuda/individual/search,412,0,9
1775122371478,733,Call API,200,,UpdateIndividual 4-38,text,true,,850,2554,2,28,https://sandbox.api.krungsri.net/bay/scuda/individual/update,733,0,10
1775122371698,515,Call API,200,,UpdateJuristic 8-37,text,true,,850,2809,7,27,https://sandbox.api.krungsri.net/bay/scuda/juristic/update,515,0,11
1775122371843,387,Call API,200,,GetJoint 9-38,text,true,,1692,588,2,26,https://sandbox.api.krungsri.net/bay/scuda/joint/get,387,0,9
1775122371128,1120,Call API,200,,UpdateJoint 12-36,text,true,,850,672,1,27,https://sandbox.api.krungsri.net/bay/scuda/joint/update,1120,0,17
1775122372006,270,Call API,200,OK,SearchJuristic 6-39,text,true,,722,458,4,26,https://sandbox.api.krungsri.net/bay/scuda/juristic/search,270,0,13
1775122371893,385,Call API,200,,GetJoint 9-39,text,true,,1682,588,1,25,https://sandbox.api.krungsri.net/bay/scuda/joint/get,385,0,10
1775122371774,509,Call API,201,,CreateJuristic 7-39,text,true,,850,5178,2,24,https://sandbox.api.krungsri.net/bay/scuda/juristic/create,509,0,13
1775122371902,419,Call API,200,,GetJuristic 5-39,text,true,,3456,591,1,26,https://sandbox.api.krungsri.net/bay/scuda/juristic/get,419,0,14
1775122371898,445,Call API,200,,UpdateJuristic 8-38,text,true,,850,2847,7,26,https://sandbox.api.krungsri.net/bay/scuda/juristic/update,445,0,10
1775122371684,662,Call API,201,,CreateIndividual 3-37,text,true,,850,5453,5,25,https://sandbox.api.krungsri.net/bay/scuda/individual/create,662,0,10
1775122372091,265,Call API,200,OK,SearchJuristic 6-41,text,true,,722,458,3,26,https://sandbox.api.krungsri.net/bay/scuda/juristic/search,265,0,8
1775122372051,316,Call API,200,OK,SearchJuristic 6-40,text,true,,722,453,2,25,https://sandbox.api.krungsri.net/bay/scuda/juristic/search,316,0,11
1775122371767,605,Call API,201,,CreateIndividual 3-38,text,true,,850,5314,4,24,https://sandbox.api.krungsri.net/bay/scuda/individual/create,605,0,31
1775122371822,565,Call API,200,OK,SearchIndividual 2-39,text,true,,722,474,4,27,https://sandbox.api.krungsri.net/bay/scuda/individual/search,565,0,13
1775122372074,317,Call API,200,OK,SearchIndividual 2-40,text,true,,722,459,4,27,https://sandbox.api.krungsri.net/bay/scuda/individual/search,317,0,15
1775122371857,573,Call API,201,,CreateJoint 11-38,text,true,,850,2740,3,25,https://sandbox.api.krungsri.net/bay/scuda/joint/create,573,0,9
1775122372168,282,Call API,200,OK,SearchJuristic 6-42,text,true,,722,457,2,26,https://sandbox.api.krungsri.net/bay/scuda/juristic/search,282,0,25
1775122372034,443,Call API,200,,UpdateJuristic 8-39,text,true,,850,2831,6,25,https://sandbox.api.krungsri.net/bay/scuda/juristic/update,443,0,13
1775122371481,1000,Call API,200,,UpdateJuristic 8-36,text,true,,850,2805,5,24,https://sandbox.api.krungsri.net/bay/scuda/juristic/update,1000,0,8
1775122371990,497,Call API,201,,CreateJoint 11-39,text,true,,850,2900,2,23,https://sandbox.api.krungsri.net/bay/scuda/joint/create,497,0,16
1775122372119,382,Call API,200,,UpdateJuristic 8-40,text,true,,850,1487,4,23,https://sandbox.api.krungsri.net/bay/scuda/juristic/update,382,0,25
1775122372060,444,Call API,201,,CreateIndividual 3-40,text,true,,850,5460,3,22,https://sandbox.api.krungsri.net/bay/scuda/individual/create,444,0,13
1775122372239,273,Call API,200,OK,SearchJoint 10-41,text,true,,722,473,2,21,https://sandbox.api.krungsri.net/bay/scuda/joint/search,273,0,8
1775122372106,437,Call API,200,,GetIndividual 1-40,text,true,,3864,646,4,21,https://sandbox.api.krungsri.net/bay/scuda/individual/get,437,0,16
1775122372198,365,Call API,200,OK,SearchJoint 10-40,text,true,,722,473,1,20,https://sandbox.api.krungsri.net/bay/scuda/joint/search,365,0,18
1775122372125,441,Call API,200,,UpdateJuristic 8-41,text,true,,850,2768,3,19,https://sandbox.api.krungsri.net/bay/scuda/juristic/update,441,0,41
1775122372375,195,Call API,200,OK,SearchJuristic 6-43,text,true,,722,457,1,18,https://sandbox.api.krungsri.net/bay/scuda/juristic/search,195,0,18
1775122372111,479,Call API,200,,UpdateIndividual 4-40,text,true,,850,1180,2,17,https://sandbox.api.krungsri.net/bay/scuda/individual/update,479,0,9
1775122372195,406,Call API,200,,UpdateJuristic 8-42,text,true,,850,2860,2,17,https://sandbox.api.krungsri.net/bay/scuda/juristic/update,406,0,24
1775122372348,257,Call API,200,OK,SearchIndividual 2-41,text,true,,722,459,3,17,https://sandbox.api.krungsri.net/bay/scuda/individual/search,256,0,12
1775122371926,755,Call API,201,,CreateIndividual 3-39,text,true,,850,5653,3,17,https://sandbox.api.krungsri.net/bay/scuda/individual/create,755,0,25
1775122372347,334,Call API,200,,GetJoint 9-40,text,true,,1576,588,2,17,https://sandbox.api.krungsri.net/bay/scuda/joint/get,334,0,10
1775122372344,342,Call API,201,,CreateIndividual 3-41,text,true,,850,5039,2,15,https://sandbox.api.krungsri.net/bay/scuda/individual/create,342,0,12
1775122372374,326,Call API,200,,GetIndividual 1-41,text,true,,3958,646,3,14,https://sandbox.api.krungsri.net/bay/scuda/individual/get,326,0,10
1775122372287,417,Call API,200,,UpdateIndividual 4-41,text,true,,850,2585,2,13,https://sandbox.api.krungsri.net/bay/scuda/individual/update,417,0,10
1775122372444,295,Call API,200,OK,SearchIndividual 2-43,text,true,,722,451,2,13,https://sandbox.api.krungsri.net/bay/scuda/individual/search,295,0,8
1775122372385,354,Call API,200,,GetIndividual 1-42,text,true,,3920,646,2,13,https://sandbox.api.krungsri.net/bay/scuda/individual/get,354,0,10
1775122372300,454,Call API,201,,CreateJoint 11-40,text,true,,850,2726,1,11,https://sandbox.api.krungsri.net/bay/scuda/joint/create,454,0,24
1775122372238,529,Call API,201,,CreateJuristic 7-40,text,true,,850,4970,2,11,https://sandbox.api.krungsri.net/bay/scuda/juristic/create,529,0,9
1775122372295,481,Call API,200,,UpdateJuristic 8-43,text,true,,850,2788,1,11,https://sandbox.api.krungsri.net/bay/scuda/juristic/update,481,0,15
1775122372383,393,Call API,200,OK,SearchIndividual 2-42,text,true,,722,459,1,10,https://sandbox.api.krungsri.net/bay/scuda/individual/search,393,0,33
1775122372604,255,Call API,200,,UpdateIndividual 4-42,text,true,,850,1179,1,12,https://sandbox.api.krungsri.net/bay/scuda/individual/update,255,0,9
1775122372442,464,Call API,200,,GetJoint 9-41,text,true,,1692,588,1,11,https://sandbox.api.krungsri.net/bay/scuda/joint/get,464,0,9
1775122372494,441,Call API,200,,GetIndividual 1-43,text,true,,3855,646,1,11,https://sandbox.api.krungsri.net/bay/scuda/individual/get,441,0,22
1775122372600,378,Call API,201,,CreateIndividual 3-42,text,true,,850,5775,2,11,https://sandbox.api.krungsri.net/bay/scuda/individual/create,378,0,8
1775122372520,474,Call API,200,,GetJuristic 5-40,text,true,,3460,591,2,11,https://sandbox.api.krungsri.net/bay/scuda/juristic/get,474,0,9
1775122372657,449,Call API,200,,GetJuristic 5-41,text,true,,3484,591,4,21,https://sandbox.api.krungsri.net/bay/scuda/juristic/get,449,0,8
1775122372940,181,Call API,200,,GetJoint 9-42,text,true,,1576,588,2,20,https://sandbox.api.krungsri.net/bay/scuda/joint/get,181,0,18
1775122372734,396,Call API,200,OK,SearchJoint 10-42,text,true,,722,473,3,19,https://sandbox.api.krungsri.net/bay/scuda/joint/search,396,0,10
1775122372768,374,Call API,200,OK,SearchJoint 10-43,text,true,,722,473,2,20,https://sandbox.api.krungsri.net/bay/scuda/joint/search,374,0,9
1775122372763,413,Call API,201,,CreateJuristic 7-41,text,true,,850,4802,5,22,https://sandbox.api.krungsri.net/bay/scuda/juristic/create,413,0,10
1775122373005,233,Call API,200,,GetJuristic 5-43,text,true,,3463,591,3,24,https://sandbox.api.krungsri.net/bay/scuda/juristic/get,233,0,9
1775122372997,245,Call API,200,,GetJuristic 5-42,text,true,,3526,591,2,23,https://sandbox.api.krungsri.net/bay/scuda/juristic/get,245,0,9
1775122372825,423,Call API,201,,CreateJoint 11-43,text,true,,850,2936,2,23,https://sandbox.api.krungsri.net/bay/scuda/joint/create,423,0,11
1775122373025,269,Call API,200,,GetJoint 9-43,text,true,,1671,588,1,24,https://sandbox.api.krungsri.net/bay/scuda/joint/get,269,0,12
1775122373060,254,Call API,200,,GetJuristic 5-44,text,true,,3504,591,2,23,https://sandbox.api.krungsri.net/bay/scuda/juristic/get,254,0,24
1775122373078,250,Call API,200,OK,SearchIndividual 2-44,text,true,,722,459,2,22,https://sandbox.api.krungsri.net/bay/scuda/individual/search,250,0,9
1775122373043,308,Call API,200,,UpdateIndividual 4-44,text,true,,850,2509,4,21,https://sandbox.api.krungsri.net/bay/scuda/individual/update,308,0,10
1775122373081,283,Call API,201,,CreateIndividual 3-44,text,true,,850,5396,3,21,https://sandbox.api.krungsri.net/bay/scuda/individual/create,283,0,7
1775122373092,282,Call API,200,OK,SearchIndividual 2-45,text,true,,722,444,1,20,https://sandbox.api.krungsri.net/bay/scuda/individual/search,282,0,9
1775122373024,384,Call API,200,,UpdateJoint 12-43,text,true,,850,1813,1,20,https://sandbox.api.krungsri.net/bay/scuda/joint/update,384,0,8
1775122373042,368,Call API,200,OK,SearchJoint 10-44,text,true,,722,473,2,19,https://sandbox.api.krungsri.net/bay/scuda/joint/search,368,0,9
1775122372927,484,Call API,200,,UpdateIndividual 4-43,text,true,,850,2617,3,18,https://sandbox.api.krungsri.net/bay/scuda/individual/update,484,0,21
1775122372846,573,Call API,201,,CreateIndividual 3-43,text,true,,850,5138,2,17,https://sandbox.api.krungsri.net/bay/scuda/individual/create,573,0,11
1775122373229,194,Call API,200,OK,SearchJoint 10-45,text,true,,722,473,1,16,https://sandbox.api.krungsri.net/bay/scuda/joint/search,194,0,9
1775122373076,356,Call API,200,,GetIndividual 1-44,text,true,,3894,646,3,16,https://sandbox.api.krungsri.net/bay/scuda/individual/get,356,0,9
1775122373141,350,Call API,201,,CreateJoint 11-44,text,true,,850,2976,1,18,https://sandbox.api.krungsri.net/bay/scuda/joint/create,350,0,9
1775122373162,333,Call API,200,,UpdateIndividual 4-45,text,true,,850,1179,2,17,https://sandbox.api.krungsri.net/bay/scuda/individual/update,333,0,14
1775122373255,251,Call API,200,,GetIndividual 1-45,text,true,,3899,646,2,18,https://sandbox.api.krungsri.net/bay/scuda/individual/get,251,0,10
1775122372981,550,Call API,201,,CreateJuristic 7-43,text,true,,850,5048,4,20,https://sandbox.api.krungsri.net/bay/scuda/juristic/create,550,0,9
1775122372795,739,Call API,201,,CreateJuristic 7-42,text,true,,850,4888,3,19,https://sandbox.api.krungsri.net/bay/scuda/juristic/create,739,0,9
1775122373246,318,Call API,200,,UpdateJuristic 8-45,text,true,,850,2872,3,19,https://sandbox.api.krungsri.net/bay/scuda/juristic/update,318,0,9
1775122373377,245,Call API,200,,GetJuristic 5-46,text,true,,3503,591,3,20,https://sandbox.api.krungsri.net/bay/scuda/juristic/get,245,0,9
1775122373359,267,Call API,200,,GetIndividual 1-46,text,true,,4006,646,1,19,https://sandbox.api.krungsri.net/bay/scuda/individual/get,267,0,13
1775122373428,254,Call API,200,OK,SearchJuristic 6-44,text,true,,722,457,3,21,https://sandbox.api.krungsri.net/bay/scuda/juristic/search,254,0,9
1775122373254,438,Call API,200,,GetJuristic 5-45,text,true,,3438,591,2,21,https://sandbox.api.krungsri.net/bay/scuda/juristic/get,438,0,9
1775122373218,501,Call API,200,,UpdateJuristic 8-44,text,true,,850,2792,2,21,https://sandbox.api.krungsri.net/bay/scuda/juristic/update,501,0,10
1775122373201,549,Call API,200,,UpdateIndividual 4-46,text,true,,850,2576,2,20,https://sandbox.api.krungsri.net/bay/scuda/individual/update,549,0,9
1775122373497,257,Call API,200,OK,SearchJoint 10-46,text,true,,722,473,1,19,https://sandbox.api.krungsri.net/bay/scuda/joint/search,257,0,9
1775122373497,262,Call API,200,OK,SearchJuristic 6-45,text,true,,722,446,2,18,https://sandbox.api.krungsri.net/bay/scuda/juristic/search,262,0,10
1775122373162,613,Call API,201,,CreateJuristic 7-45,text,true,,850,5113,3,18,https://sandbox.api.krungsri.net/bay/scuda/juristic/create,613,0,26
1775122373151,630,Call API,201,,CreateJuristic 7-44,text,true,,850,4751,2,17,https://sandbox.api.krungsri.net/bay/scuda/juristic/create,630,0,11
1775122373434,348,Call API,200,,GetJoint 9-44,text,true,,1576,588,3,17,https://sandbox.api.krungsri.net/bay/scuda/joint/get,348,0,10
1775122373135,680,Call API,201,,CreateIndividual 3-45,text,true,,850,5165,4,18,https://sandbox.api.krungsri.net/bay/scuda/individual/create,680,0,8
1775122373531,292,Call API,200,,UpdateIndividual 4-47,text,true,,850,2444,2,17,https://sandbox.api.krungsri.net/bay/scuda/individual/update,292,0,10
1775122373590,244,Call API,200,,GetJoint 9-45,text,true,,1599,588,2,16,https://sandbox.api.krungsri.net/bay/scuda/joint/get,244,0,10
1775122373479,392,Call API,200,,GetJuristic 5-47,text,true,,3501,591,2,17,https://sandbox.api.krungsri.net/bay/scuda/juristic/get,392,0,13
1775122373483,409,Call API,200,,UpdateJuristic 8-46,text,true,,850,1480,2,16,https://sandbox.api.krungsri.net/bay/scuda/juristic/update,409,0,9
1775122373519,375,Call API,200,OK,SearchJuristic 6-46,text,true,,722,457,1,15,https://sandbox.api.krungsri.net/bay/scuda/juristic/search,375,0,8
1775122373691,234,Call API,200,,GetJoint 9-46,text,true,,1576,588,1,19,https://sandbox.api.krungsri.net/bay/scuda/joint/get,234,0,7
1775122373539,413,Call API,201,,CreateJoint 11-45,text,true,,850,3073,1,18,https://sandbox.api.krungsri.net/bay/scuda/joint/create,413,0,10
1775122373784,178,Call API,200,,SearchJoint 10-47,text,true,,1408,473,2,18,https://sandbox.api.krungsri.net/bay/scuda/joint/search,178,0,10
1775122373591,378,Call API,200,,UpdateJoint 12-48,text,true,,850,1727,1,17,https://sandbox.api.krungsri.net/bay/scuda/joint/update,378,0,9
1775122373511,512,Call API,201,,CreateIndividual 3-46,text,true,,850,5483,3,19,https://sandbox.api.krungsri.net/bay/scuda/individual/create,512,0,12
1775122373657,381,Call API,201,,CreateIndividual 3-47,text,true,,850,5455,2,19,https://sandbox.api.krungsri.net/bay/scuda/individual/create,381,0,9
1775122373924,114,Call API,200,OK,SearchJoint 10-48,text,true,,722,473,1,18,https://sandbox.api.krungsri.net/bay/scuda/joint/search,114,0,8
